{
  "timestamp": "2026-02-28T19:24:45.370Z",
  "commit": "f5c1f2d",
  "nodeVersion": "v22.22.0",
  "platform": "linux-x64",
  "scales": {
    "1000": {
      "vault_scan": {
        "mean_ms": 58.413468000000286,
        "min_ms": 56.836042000000816,
        "max_ms": 59.599287000000004,
        "p50_ms": 58.46558199999981,
        "p95_ms": 59.599287000000004,
        "p99_ms": 59.599287000000004,
        "std_dev": 1.0708909813940177,
        "memory_mb": 1.9879058837890624,
        "iterations": 5
      },
      "integrity_check": {
        "mean_ms": 544.8185168,
        "min_ms": 524.4768869999989,
        "max_ms": 561.6732030000003,
        "p50_ms": 547.1732690000008,
        "p95_ms": 561.6732030000003,
        "p99_ms": 561.6732030000003,
        "std_dev": 14.826468455367968,
        "memory_mb": 0.3395355224609375,
        "iterations": 5
      },
      "file_read_100": {
        "mean_ms": 23.011465400000088,
        "min_ms": 18.527156000000105,
        "max_ms": 29.003545999999915,
        "p50_ms": 22.365029000000504,
        "p95_ms": 29.003545999999915,
        "p99_ms": 29.003545999999915,
        "std_dev": 4.13773165246618,
        "memory_mb": 1.5380783081054688,
        "iterations": 5
      },
      "wikilink_extract": {
        "mean_ms": 32.29232379999958,
        "min_ms": 31.292475000000195,
        "max_ms": 33.28981599999861,
        "p50_ms": 32.329413999999815,
        "p95_ms": 33.28981599999861,
        "p99_ms": 33.28981599999861,
        "std_dev": 0.7453710091734763,
        "memory_mb": 1.5019302368164062,
        "iterations": 5
      }
    },
    "10000": {
      "vault_scan": {
        "mean_ms": 80.89797479999906,
        "min_ms": 79.2727249999989,
        "max_ms": 82.09722199999851,
        "p50_ms": 81.74337000000014,
        "p95_ms": 82.09722199999851,
        "p99_ms": 82.09722199999851,
        "std_dev": 1.3143766256504428,
        "memory_mb": 0.03731842041015625,
        "iterations": 5
      },
      "integrity_check": {
        "mean_ms": 5381.901136799999,
        "min_ms": 5230.290309999997,
        "max_ms": 5474.138350999998,
        "p50_ms": 5420.831387999999,
        "p95_ms": 5474.138350999998,
        "p99_ms": 5474.138350999998,
        "std_dev": 93.76166468731081,
        "memory_mb": 1.524615478515625,
        "iterations": 5
      },
      "file_read_100": {
        "mean_ms": 45.828457999997774,
        "min_ms": 40.701107000000775,
        "max_ms": 50.67783799999597,
        "p50_ms": 47.182779999995546,
        "p95_ms": 50.67783799999597,
        "p99_ms": 50.67783799999597,
        "std_dev": 3.5812556792005017,
        "memory_mb": 0.00845947265625,
        "iterations": 5
      },
      "wikilink_extract": {
        "mean_ms": 52.841656599999986,
        "min_ms": 51.86797499999375,
        "max_ms": 53.66774599999917,
        "p50_ms": 52.79185000000143,
        "p95_ms": 53.66774599999917,
        "p99_ms": 53.66774599999917,
        "std_dev": 0.6978228680252706,
        "memory_mb": 0.03727569580078125,
        "iterations": 5
      }
    }
  },
  "regressions": []
}